Day Tomograms,Membrane Structures Observed,Internal Lamellae Type,Estimated Average Lamellae Width,Globules Observed,Globule Diameters (Widest),Spiky Vesicles Observed,Vesicle Diameter (widest),Smooth Vesicles Observed,Vesicle Diameter (widest).1,Hat Structure Observed,Interesting Features
1,Yes,Thick,30,9,87,20,55,0,--,Yes,"Host membrane appears to be broken, and underneath lies a high density of ""spiky"" vesicles "
1,,,,,72,,70,,,,
1,,,,,46,,74,,,,
1,,,,,80,,58,,,,
1,,,,,62,,60,,,,
1,,,,,146,,69,,,,
1,,,,,87,,49,,,,
1,,,,,70,,47,,,,
1,,,,,75,,59,,,,
1,,,,,,,73,,,,
1,,,,,,,56,,,,
1,,,,,,,66,,,,
1,,,,,,,64,,,,
1,,,,,,,61,,,,
1,,,,,,,49,,,,
1,,,,,,,61,,,,
1,,,,,,,67,,,,
1,,,,,,,61,,,,
1,,,,,,,56,,,,
1,,,,,,,57,,,,
22,No,Thin,15,1,58,,,,,No,Tomogram is just in the middle of the nitroplast. Nothing special
2,No,,,,,,,,,N/A,Is this the chloroplast?
3,Yes,Thin,20,3,83,11,54,2,57,No,"Can see vesicles on both sides of the membrane. SOOO many ribosomes. Non-rigid vesicles that I'm calling ""smooth"". Donut-shaped membrane bound object 54nm at widest"
3,,,,,27,,51,,42,,
3,,,,,77,,74,,,,
3,,,,,,,67,,,,
3,,,,,,,60,,,,
3,,,,,,,120,,,,
3,,,,,,,65,,,,
3,,,,,,,32,,,,
3,,,,,,,56,,,,
3,,,,,,,31,,,,
3,,,,,,,67,,,,
3,,,,,,,,,,,
5,Yes,Thin,18,4,68,6,53,1,159,No,The membrane is forming long sheet-like sacs underneath the host membrane. Varies greatly in shape and size.
5,,,,,69,,55,,,,
5,,,,,68,,60,,,,
5,,,,,57,,67,,,,
5,,,,,,,54,,,,
5,,,,,,,76,,,,
5,,,,,,,,,,,
5,,,,,,,,,,,
5,,,,,,,,,,,
5,,,,,,,,,,,
52,Yes,Thin,15,3,47,4,50,0,--,No,"Mostly a normal nitroplast, sees more of the interior/middle than others. Similar clustering of spiky vesicles"
52,,,,,64,,62,,,,
52,,,,,56,,50,,,,
52,,,,,,,54,,,,
52,,,,,,,,,,,
52,,,,,,,,,,,
52,,,,,,,,,,,
52,,,,,,,,,,,
52,,,,,,,,,,,
52,,,,,,,,,,,
7,Yes,Thin,20,2,61,10,63,0,--,No,"Host membrane is very far seperated from the nitroplast. Membrane seems to have some interactions with the mitochondria, but it is hard to determine what is going on. There are additional larger sacs in between the membranes, that are not the typical vesicles."
7,,,,,53,,97,,,,
7,,,,,,,51,,,,
7,,,,,,,54,,,,
7,,,,,,,78,,,,
7,,,,,,,118,,,,
7,,,,,,,61,,,,
7,,,,,,,104,,,,
7,,,,,,,61,,,,
7,,,,,,,108,,,,
7,,,,,,,,,,,
9,Yes,Thin and Thick,20,2,62,37,121,5,92,No,"Vesicular structure has some objects inside of it. Does not form the traditional spherical shape but instead has an elongated form. It is not clear where the membrane of the nitroplast exists, it at some point seems to wrap within the nitroplast as well."
9,,,35,,63,,69,,65,,
9,,,,,,,63,,41,,
9,,,,,,,66,,33,,
9,,,,,,,68,,121,,
9,,,,,,,121,,,,
9,,,,,,,60,,,,
9,,,,,,,86,,,,
9,,,,,,,64,,,,
9,,,,,,,77,,,,
9,,,,,,,53,,,,
9,,,,,,,54,,,,
9,,,,,,,57,,,,
9,,,,,,,83,,,,
9,,,,,,,60,,,,
9,,,,,,,24,,,,
9,,,,,,,77,,,,
9,,,,,,,39,,,,
9,,,,,,,49,,,,
9,,,,,,,73,,,,
9,,,,,,,66,,,,
9,,,,,,,290,,,,
9,,,,,,,36,,,,
9,,,,,,,108,,,,
9,,,,,,,85,,,,
9,,,,,,,51,,,,
9,,,,,,,42,,,,
9,,,,,,,51,,,,
9,,,,,,,59,,,,
9,,,,,,,54,,,,
9,,,,,,,60,,,,
9,,,,,,,54,,,,
9,,,,,,,69,,,,
9,,,,,,,61,,,,
9,,,,,,,61,,,,
9,,,,,,,62,,,,
9,,,,,,,52,,,,