state,tomogram_position,hats,vol
Day,1,1,0.229
Day,2,0,0.218
Day,3,0,0.17
Day,4,0,0.061
Day,5,0,0.32
Day,6,0,0.112
Day,7,0,0.258
Day,8,0,0.233
Evening,1,0,0.356
Evening,2,1,0.11
Evening,3,0,0.033
Evening,4,0,0.219
Evening,5,2,0.253
Evening,6,2,0.198
Evening,7,2,0.121
Evening,8,5,0.199
Evening,9,3,0.104
Evening,10,5,0.192
Evening,11,2,0.294
Evening,12,0,0.188
Evening,13,2,0.119
Evening,14,0,0.174
Evening,15,0,0.175
Evening,16,0,0.042
Evening,17,0,0.059
Evening,18,0,0.121
Night,1,0,0.313
Night,2,4,0.33
Night,3,5,0.264
Night,4,3,0.243
Night,5,1,0.302
Night,6,6,0.239
Night,7,2,0.417
Night,8,2,0.196
Night,9,1,0.138
Night,10,4,0.324
Night,11,1,0.101
Night,12,1,0.043
Night,13,1,0.339
Night,14,0,0.104
Night,15,0,0.208
Night,16,0,0.047
Night,17,0,0.104
Night,18,3,0.211
Night,19,2,0.169
Night,20,2,0.443
Night,21,0,0.257
Night,22,2,0.043
Night,23,2,0.025
Night,24,2,0.048
Night,25,4,0.03
Night,26,0,0.027
Night,27,1,0.014
Morning,1,0,0.28
Morning,2,0,0.015
Morning,3,5,0.689
Morning,4,3,0.103
Morning,5,0,0.502
Morning,6,9,0.587
Morning,7,0,0.42
Morning,8,2,0.171
Morning,9,2,0.436
Morning,10,0,0.493
Morning,11,0,0.06
Morning,12,7,0.374
Morning,13,3,0.417
Morning,14,0,0.321
Morning,15,0,0.133
Morning,16,0,0.369
Morning,17,0,0.25
Morning,18,0,0.023
Morning,19,0,0.216
