Thick,Thin,Combined
25,15,25
28,15,28
33,11,33
36,18,36
26,19,26
29,18,29
28,20,28
35,21,35
30,15,30
38,15,38
35,16,35
38,14,38
32,15,32
25,13,25
30,18,30
24,14,24
34,16,34
33,19,33
32,21,32
26,16,26
38,17,38
20,15,20
36,18,36
45,14,45
23,15,23
50,15,50
31,19,31
32,15,32
34,18,34
25,20,25
29,18,29
31,17,31
28,18,28
28,14,28
30,19,30
26,15,26
25,14,25
25,18,25
30,24,30
24,25,24
26,20,26
26,20,26
26,18,26
25,23,25
24,25,24
21,19,21
22,18,22
36,13,36
17,16,17
29,16,29
30,15,30
21,19,21
19,14,19
27,14,27
31,18,31
32,15,32
27,17,27
31,22,31
28,16,28
18,16,18
33,17,33
26,14,26
28,15,28
22,11,22
22,19,22
25,19,25
26,24,26
28,16,28
26,24,26
22,17,22
25,17,25
25,19,25
21,24,21
29,15,29
21,16,21
27,19,27
22,16,22
23,19,23
23,14,23
27,18,27
17,19,17
43,19,43
31,19,31
26,17,26
24,20,24
44,16,44
31,18,31
23,25,23
32,20,32
52,15,52
31,15,31
28,20,28
21,15,21
31,20,31
23,12,23
41,17,41
63,15,63
42,18,42
39,18,39
50,19,50
31,16,31
26,18,26
31,16,31
52,16,52
38,16,38
28,11,28
21,17,21
19,15,19
32,19,32
34,,34
35,,35
58,,58
31,,31
30,,30
34,,34
32,,32
24,,24
25,,25
49,,49
39,,39
36,,36
33,,33
35,,35
35,,35
36,,36
38,,38
29,,29
39,,39
41,,41
39,,39
31,,31
50,,50
39,,39
37,,37
63,,63
42,,42
26,,26
38,,38
36,,36
31,,31
50,,50
58,,58
48,,48
56,,56
47,,47
27,,27
29,,29
29,,29
36,,36
35,,35
34,,34
43,,43
36,,36
28,,28
36,,36
31,,31
34,,34
31,,31
28,,28
32,,32
30,,30
25,,25
38,,38
36,,36
36,,36
32,,32
42,,42
163,,163
35,,35
54,,54
41,,41
34,,34
35,,35
35,,35
15,,15
35,,35
78,,78
37,,37
33,,33
32,,32
42,,42
34,,34
33,,33
35,,35
25,,25
41,,41
24,,24
33,,33
40,,40
87,,87
56,,56
55,,55
47,,47
85,,85
27,,27
50,,50
37,,37
47,,47
44,,44
47,,47
31,,31
34,,34
27,,27
34,,34
29,,29
30,,30
114,,114
18,,18
29,,29
27,,27
20,,20
32,,32
25,,25
,,15
,,15
,,11
,,18
,,19
,,18
,,20
,,21
,,15
,,15
,,16
,,14
,,15
,,13
,,18
,,14
,,16
,,19
,,21
,,16
,,17
,,15
,,18
,,14
,,15
,,15
,,19
,,15
,,18
,,20
,,18
,,17
,,18
,,14
,,19
,,15
,,14
,,18
,,24
,,25
,,20
,,20
,,18
,,23
,,25
,,19
,,18
,,13
,,16
,,16
,,15
,,19
,,14
,,14
,,18
,,15
,,17
,,22
,,16
,,16
,,17
,,14
,,15
,,11
,,19
,,19
,,24
,,16
,,24
,,17
,,17
,,19
,,24
,,15
,,16
,,19
,,16
,,19
,,14
,,18
,,19
,,19
,,19
,,17
,,20
,,16
,,18
,,25
,,20
,,15
,,15
,,20
,,15
,,20
,,12
,,17
,,15
,,18
,,18
,,19
,,16
,,18
,,16
,,16
,,16
,,11
,,17
,,15
,,19